,cell_name,id_24,id_25,id_26,id_27
0,143B,163,163,163,163
1,1A9,506,506,506,506
2,Oocyte,1758,1758,1758,1758
4,Jurkat,503,503,503,503
5,HepG2,726,726,726,726
6,HepG2 2.2.15,5553,5553,5553,5553
7,2008,388,388,388,388
8,2008/R,561,561,561,561
9,2008/S,389,389,389,389
10,P338,524,524,524,524
11,PBL,554,554,554,554
13,CCRF-CEM,635,635,635,635
14,HEL,468,468,468,468
15,1-87 tumor cell line,832,832,832,832
16,C3H 10T1/2,294,294,294,294
17,41M,621,621,621,621
18,41McisR,5599,5599,5599,5599
19,CHO,449,449,449,449
20,HL-60,649,649,649,649
21,A2780,478,478,478,478
22,A2780 ADR,5594,5594,5594,5594
23,3677 melanoma cell line,844,844,844,844
24,MC-38,700,700,700,700
25,B16,798,798,798,798
26,3EM 37,833,833,833,833
27,3LL cell line,847,847,847,847
28,3LLD122,971,971,971,971
29,M5076,516,516,516,516
30,NIH3T3,723,723,723,723
31,3T3-L1,620,620,620,620
32,3Y1 cell line,1118,1118,1118,1118
33,HeLa,308,308,308,308
34,HEK293,722,722,722,722
35,RBL-1,702,702,702,702
36,Cell line,1167,1167,1167,1167
37,CHO-K1,485,485,485,485
38,COS-7,643,643,643,643
39,L929,307,307,307,307
40,N1E-115,339,339,339,339
41,A9,625,625,625,625
42,NG108-15,433,433,433,433
43,C6,673,673,673,673
44,RBL-2H3,663,663,663,663
45,PMNL,424,424,424,424
46,RPMI-8226,741,741,741,741
47,BEL-7404 tumor cell line,993,993,993,993
48,786-0,391,391,391,391
49,V79,505,505,505,505
50,7800C1 cell line,1119,1119,1119,1119
51,Panel (56 tumour cell lines),390,390,390,390
52,5637,345,345,345,345
53,CV-1,407,407,407,407
54,NCI,1188,1188,1188,1188
55,Panel NCI-60 (60 carcinoma cell lines),542,542,542,542
56,6C3HED,850,850,850,850
57,A2780 cisR,481,481,481,481
58,PC-12,342,342,342,342
59,T-cell,574,574,574,574
60,A-375,455,455,455,455
61,A-427,797,797,797,797
62,Caco-2,495,495,495,495
63,A-431,500,500,500,500
64,CEM-SS,638,638,638,638
65,A549,646,646,646,646
66,A498,624,624,624,624
67,791T cell line,972,972,972,972
68,833K,854,854,854,854
69,8701-BC,705,705,705,705
70,Cancer cell lines,1015,1015,1015,1015
71,KB ,324,324,324,324
72,9L,392,392,392,392
73,A 172,622,622,622,622
74,A204,623,623,623,623
75,CCRF S-180,42,42,42,42
76,AA6,975,975,975,975
77,AA5,974,974,974,974
78,U-937,379,379,379,379
79,UV4,274,274,274,274
80,CHO-AA8,185,185,185,185
81,A10,164,164,164,164
82,A121,393,393,393,393
83,A2,1085,1085,1085,1085
84,A2058,404,404,404,404
85,A253 cell line,973,973,973,973
86,ABAE,416,416,416,416
87,AC755,1064,1064,1064,1064
88,ACH-2 cell line,978,978,978,978
89,T cell line,998,998,998,998
90,ACHN,626,626,626,626
91,ADDP cell line,979,979,979,979
92,ADJ/PC6,980,980,980,980
93,Hepatocyte,395,395,395,395
101,Erythrocyte,5555,5555,5555,5555
109,Pituitary gland cell,5593,5593,5593,5593
110,NCI-H69,717,717,717,717
111,MCF7,491,491,491,491
112,THP-1,559,559,559,559
113,ADR5000 cell line,981,981,981,981
114,AG06848 cell line,1100,1100,1100,1100
115,AG1523,563,563,563,563
116,AGS,456,456,456,456
117,HT-29,786,786,786,786
118,AH125 cell line,1065,1065,1065,1065
119,MOLT-4,537,537,537,537
120,Manca,140,140,140,140
121,OCI-AML2,1685,1685,1685,1685
122,AMML,984,984,984,984
123,ANN-1,166,166,166,166
124,AR-42J cell line,985,985,985,985
125,ARIP cell line,858,858,858,858
126,SW480,773,773,773,773
127,WiDr,671,671,671,671
128,Ishikawa,672,672,672,672
129,ATH-8 cell line,987,987,987,987
130,UACC-375,956,956,956,956
131,AZ-521 cell line,988,988,988,988
132,T47D,594,594,594,594
133,Sf9,1759,1759,1759,1759
134,Vero,496,496,496,496
135,Abelson 8.1,837,837,837,837
136,IMR-32,652,652,652,652
137,HL,371,371,371,371
138,RPMI-8866,1726,1726,1726,1726
139,Ramos,661,661,661,661
140,LM,511,511,511,511
141,Y-1,736,736,736,736
142,AtT20,169,169,169,169
143,L1210,691,691,691,691
144,B(EBV+),1138,1138,1138,1138
145,B-cell,688,688,688,688
146,B-95-8 cell line,990,990,990,990
147,Raji,660,660,660,660
148,WIL2,384,384,384,384
149,B-lymphoblastic leukemic cell line,861,861,861,861
150,B103 cell line,989,989,989,989
151,Anr4,167,167,167,167
152,HASMC,529,529,529,529
153,SC-3,229,229,229,229
154,COS-1,799,799,799,799
155,DU-145,408,408,408,408
156,PC-3,555,555,555,555
157,RG2,477,477,477,477
158,BT-20,784,784,784,784
159,BT-549,789,789,789,789
160,BXPC-3,631,631,631,631
161,Mast cell,427,427,427,427
163,B16-F10,779,779,779,779
164,BaF3,627,627,627,627
165,Beta-TC6,592,592,592,592
166,Balb/MK,64,64,64,64
167,BC,859,859,859,859
168,BC1 cell line,991,991,991,991
169,P388,549,549,549,549
170,BE,713,713,713,713
171,BE-NQ,689,689,689,689
172,BE-WT,1139,1139,1139,1139
173,Bel-7402,791,791,791,791
174,BG-1 cell line,860,860,860,860
175,BG-3,1073,1073,1073,1073
176,BGC-823,628,628,628,628
177,BHK-21,629,629,629,629
178,PRK,1174,1174,1174,1174
179,BJ,808,808,808,808
180,BALB/3T3,464,464,464,464
181,NCI-H1299,303,303,303,303
182,BeWo,170,170,170,170
183,EKVX ,616,616,616,616
184,BL13/0,1102,1102,1102,1102
185,Murine cell line,1123,1123,1123,1123
186,BRO melanoma cell line,1080,1080,1080,1080
187,BSC-1,171,171,171,171
188,BT-474,630,630,630,630
189,C8166,632,632,632,632
190,CA-755,1014,1014,1014,1014
191,Pyramidal neuron,5564,5564,5564,5564
192,CA46,346,346,346,346
193,CAKI-1,498,498,498,498
194,CD4+ve Th,414,414,414,414
195,Osteoclast-like,593,593,593,593
196,carcinoma cell line,1020,1020,1020,1020
197,Calu-1,405,405,405,405
198,Caov-3 cell line,1019,1019,1019,1019
199,CC-1,174,174,174,174
200,CC-B,1021,1021,1021,1021
201,CCD 19Lu,295,295,295,295
202,SV-T2,344,344,344,344
203,C13,1186,1186,1186,1186
204,C13*,1074,1074,1074,1074
205,C170,1103,1103,1103,1103
206,C180-13S,413,413,413,413
207,TRAMP-C1A,793,793,793,793
208,Colon 26,613,613,613,613
209,C2D cell line,1011,1011,1011,1011
210,C2G cell line,863,863,863,863
211,TRAMP-C2H,597,597,597,597
212,Hs-578T,669,669,669,669
213,MCF-A,862,862,862,862
214,MDA-MB-453,582,582,582,582
215,MDA-MB-231,325,325,325,325
216,MDA-N,509,509,509,509
217,NCI/ADR-RES,434,434,434,434
218,Breast carcinoma cell,482,482,482,482
219,Panel breast (Carcinoma cell lines),595,595,595,595
220,C3H,1200,1200,1200,1200
221,Burkitts lymphoma cell,596,596,596,596
222,C3H/3T3,598,598,598,598
223,CCRF-CEM/VCR-1000,176,176,176,176
224,CCRF-CEM/ara-C,175,175,175,175
225,CCRF-HSB-2,636,636,636,636
226,CCRF-SB,637,637,637,637
227,CD-4+ (A 3.01),958,958,958,958
228,Beta-TC3,788,788,788,788
229,BxT,1010,1010,1010,1010
230,C-33-A,1574,1574,1574,1574
231,C-344 cell line,1013,1013,1013,1013
232,C653,1187,1187,1187,1187
233,C6-BU-1,172,172,172,172
234,T-24,704,704,704,704
235,CEM-DNR,180,180,180,180
236,CaNT,1017,1017,1017,1017
237,CaOs-1 cell line,1018,1018,1018,1018
238,CHO-K1-BH4,129,129,129,129
239,CAKI-2,448,448,448,448
240,CHO-MG,640,640,640,640
241,CHO-TAX 5-6,187,187,187,187
242,CHO-VV 3-2,188,188,188,188
243,CHO-hD3,298,298,298,298
244,CHO-FU,186,186,186,186
245,CHRC5 cell line,1023,1023,1023,1023
246,CI80-13S cell line,1024,1024,1024,1024
247,CML/BC,1140,1140,1140,1140
248,E6SM,528,528,528,528
249,Panel CNS (Carcinoma cell lines),611,611,611,611
250,CNS carcinoma cell,695,695,695,695
251,SF-295,747,747,747,747
252,SF-539,730,730,730,730
253,SNB-75,606,606,606,606
254,SF-268,471,471,471,471
255,SNB-19,532,532,532,532
256,U-251,770,770,770,770
257,CNS cell,709,709,709,709
258,Co-3,1025,1025,1025,1025
259,COLO 205,641,641,641,641
260,COLO 320,562,562,562,562
261,COLO,1075,1075,1075,1075
262,COLO 320DM,642,642,642,642
263,COR-L23,450,450,450,450
264,CEM-TK(+),43,43,43,43
265,CEM-TK(-),50,50,50,50
266,CEM-V,181,181,181,181
267,CEM-VCR 1/D/5,182,182,182,182
268,CEM-VCR 1/F3,183,183,183,183
269,CEM-VCR,297,297,297,297
270,CEM-c113,178,178,178,178
271,Calu-6,633,633,633,633
272,CPAE,130,130,130,130
273,RPMI 8402,329,329,329,329
274,CPT30 cell line,1030,1030,1030,1030
275,CRL-7065 cell line,959,959,959,959
276,MIA PaCa-2 ,694,694,694,694
277,CEM-VLB,639,639,639,639
278,CEM-VM1,484,484,484,484
279,CEM-D9,179,179,179,179
280,CTLL,644,644,644,644
281,CFPAC-1,406,406,406,406
282,CFU-C,1105,1105,1105,1105
283,CFU-GM,1128,1128,1128,1128
284,CH1,610,610,610,610
285,CX-1,189,189,189,189
286,SUP-T1,301,301,301,301
287,CXF1103,1031,1031,1031,1031
288,CXF158,1032,1032,1032,1032
289,CXF280,1033,1033,1033,1033
290,CEM-4,296,296,296,296
291,Sympathetic neuron,5566,5566,5566,5566
292,HEK293-EBNA,5568,5568,5568,5568
293,SK-N-SH,756,756,756,756
294,CAPAN-1,634,634,634,634
295,HCC 2998,451,451,451,451
296,HCT-116,721,721,721,721
297,SW-620,305,305,305,305
298,SW48,58,58,58,58
299,HCT-15,306,306,306,306
300,KM12,690,690,690,690
301,Colon carcinoma cell,795,795,795,795
302,Panel colon (Carcinoma cell lines),614,614,614,614
303,Clone 62,813,813,813,813
304,LoVo,693,693,693,693
305,Colon cell,615,615,615,615
306,Cerebellar granule neurone,607,607,607,607
307,COLO1,1026,1026,1026,1026
308,Col2,612,612,612,612
309,HT-1080,651,651,651,651
310,COLO 480,44,44,44,44
311,LNCaP,330,330,330,330
312,DC3F,1,1,1,1
313,DC3F/AD,131,131,131,131
314,DC3F/AD-II,132,132,132,132
315,DLD-1,565,565,565,565
316,JEG-3,1529,1529,1529,1529
317,DLKP cell line,1042,1042,1042,1042
318,DMS-114,667,667,667,667
319,DMS-273,486,486,486,486
320,MRC5,538,538,538,538
321,D-38,1040,1040,1040,1040
322,D283 Med,1036,1036,1036,1036
323,D34,1037,1037,1037,1037
324,D341 cell line,1038,1038,1038,1038
325,D3F,961,961,961,961
326,D54 cell line,814,814,814,814
327,DA-3 cell line,1041,1041,1041,1041
328,DAN-G,45,45,45,45
329,Daoy,331,331,331,331
330,Daudi,564,564,564,564
331,DuPro,288,288,288,288
332,Detroit 98,60,60,60,60
333,Detroit 551,133,133,133,133
334,NCI-H460,676,676,676,676
335,L1210 ( R81),204,204,204,204
336,L5178Y,692,692,692,692
337,DO4,567,567,567,567
338,DOD-1,1043,1043,1043,1043
339,J774.2,1044,1044,1044,1044
340,SCH,1327,1327,1327,1327
341,SK-N-MC,531,531,531,531
342,MES-SA/Dx5,782,782,782,782
343,LLC-PK1,650,650,650,650
344,E1 SM,135,135,135,135
345,MMQ,81,81,81,81
346,Ehrlich,666,666,666,666
347,A7R5,5573,5573,5573,5573
348,P3HR-1,2,2,2,2
349,EBV-positive nasopharyngeal cell line,962,962,962,962
350,ECV-304,487,487,487,487
351,ECa-109 cell line,1081,1081,1081,1081
352,EJ,568,568,568,568
353,Bladder carcinoma cell,720,720,720,720
354,EL4,569,569,569,569
355,HLE,1393,1393,1393,1393
356,EMT6,570,570,570,570
357,ESM,1049,1049,1049,1049
358,EVSA-T,137,137,137,137
359,F2002 cell line,1111,1111,1111,1111
360,F460pv8/eto,1050,1050,1050,1050
361,F9,289,289,289,289
362,FaDu,302,302,302,302
363,FHC,1072,1072,1072,1072
364,HN5,804,804,804,804
365,HEC-1,1257,1257,1257,1257
366,Epidermoid carcinoma cell line,1098,1098,1098,1098
367,HMEC,696,696,696,696
368,Epithelial cell,617,617,617,617
369,Bone marrow cell,5580,5580,5580,5580
373,SH-SY5Y,749,749,749,749
374,SAOS-2,746,746,746,746
375,Erythroleukemia cell line,963,963,963,963
376,MOLT-3,536,536,536,536
377,Faza 967 cell clone 2/T1,1051,1051,1051,1051
378,Faza 967 clone 2,1052,1052,1052,1052
379,HFF,502,502,502,502
380,Friend leukemia cell line,1056,1056,1056,1056
381,H4,1251,1251,1251,1251
383,FM3A,571,571,571,571
384,FME,964,964,964,964
385,G-292 ,138,138,138,138
386,G-361,488,488,488,488
387,G-401,21,21,21,21
388,G-402,1247,1247,1247,1247
389,Rat1,662,662,662,662
390,GBM,190,190,190,190
391,GC3/Cl,1112,1112,1112,1112
392,GC3/MTK-,965,965,965,965
393,HUVEC,473,473,473,473
394,GC3M(-),1058,1058,1058,1058
395,GCT,1352,1352,1352,1352
396,GH3,647,647,647,647
397,GH4-C1,299,299,299,299
398,GHOST CCR5,1059,1059,1059,1059
399,GHOST CXCR4,819,819,819,819
400,Fibroblast MRHF cell line,1053,1053,1053,1053
401,GLC4 cell line,842,842,842,842
402,GLIOMA#108,1061,1061,1061,1061
403,GLIOMA#112,966,966,966,966
404,GM892A cell line,1062,1062,1062,1062
405,IGROV-1,474,474,474,474
406,GTL 16 cell line,1199,1199,1199,1199
407,Fibrosarcoma cell line,817,817,817,817
408,IM-9,198,198,198,198
409,MDCK,499,499,499,499
410,Granta,820,820,820,820
411,Ventricular myocyte,5552,5552,5552,5552
412,Glioblastoma cell line,1060,1060,1060,1060
413,NCI-H446,776,776,776,776
414,NCI-H520,936,936,936,936
415,NCI-H596,821,821,821,821
416,NCH82,93,93,93,93
417,H322,191,191,191,191
418,NCI-H358,523,523,523,523
419,H9,718,718,718,718
420,HCT-8,409,409,409,409
421,HCT cell line,1076,1076,1076,1076
422,NCI-H522,600,600,600,600
423,H-81,192,192,192,192
424,H-EMC-SS,1250,1250,1250,1250
425,HEp-2,697,697,697,697
426,NCI-H928,1129,1129,1129,1129
427,H938 cell line,968,968,968,968
428,HA22T cell line,1142,1142,1142,1142
429,HAL-01,1579,1579,1579,1579
430,HB4a,1130,1130,1130,1130
431,HBL,501,501,501,501
432,HBL-100,719,719,719,719
433,Huh-7 ,489,489,489,489
434,HCEC,1145,1145,1145,1145
435,HCLO cell line,1146,1146,1146,1146
436,NCI-H125,967,967,967,967
437,NCI-H157,710,710,710,710
438,MRI-H-207,1063,1063,1063,1063
439,NCI-H226,701,701,701,701
440,NCI-H23,763,763,763,763
441,NCI-H292,1116,1116,1116,1116
442,H2981 cell line,1141,1141,1141,1141
443,H2987 cell line,1082,1082,1082,1082
444,NCI-H322M,715,715,715,715
445,H35R0.3,530,530,530,530
446,H35,711,711,711,711
447,MT4,522,522,522,522
448,HMV-1 cell line,1155,1155,1155,1155
449,HMV-2 cell line,1156,1156,1156,1156
450,HN006 cell line,1157,1157,1157,1157
451,HNBM,1078,1078,1078,1078
452,HNO 97 cell line,1143,1143,1143,1143
453,HNO199 cell line,822,822,822,822
454,HOC-21 cell line,1158,1158,1158,1158
455,HONE1 cell line,1159,1159,1159,1159
456,HOP-62,668,668,668,668
457,HOP-18,810,810,810,810
458,HEL 299,1150,1150,1150,1150
459,MT2,539,539,539,539
460,HOP-19,1161,1161,1161,1161
461,HOP-92,469,469,469,469
462,HES,1077,1077,1077,1077
463,HCT-29,1148,1148,1148,1148
464,HEC-1B cell line,1149,1149,1149,1149
465,HEF,969,969,969,969
466,Neuron,423,423,423,423
468,HMCB cell line,1154,1154,1154,1154
469,HK,1153,1153,1153,1153
470,HT-1376,304,304,304,304
471,HOS,698,698,698,698
472,HRT-18 cell line,1163,1163,1163,1163
473,U-87 MG,560,560,560,560
474,HuT78,472,472,472,472
475,HS27,677,677,677,677
476,HSC-3,309,309,309,309
477,HSF (VGS),1006,1006,1006,1006
478,HSV-2,1114,1114,1114,1114
479,HX62 cell line,1090,1090,1090,1090
480,HXO-RB44 cell line,884,884,884,884
481,HaCaT,604,604,604,604
482,HT1197,725,725,725,725
483,HT-137,1079,1079,1079,1079
484,HT-22,576,576,576,576
485,Hepatoblastoma cell line,1151,1151,1151,1151
486,Hepatoma cell line,1152,1152,1152,1152
488,U373 MG,273,273,273,273
489,WI-38,603,603,603,603
490,T-lymphocyte,534,534,534,534
491,Keratinocyte cell line,1092,1092,1092,1092
492,NUGC-3,545,545,545,545
493,Panel (Carcinoma cell lines),322,322,322,322
494,C20/A4,461,461,461,461
495,KHOS-321H ,199,199,199,199
496,PBMC,394,394,394,394
498,MFH-ST,1137,1137,1137,1137
499,MG-63,154,154,154,154
500,MKN-28,589,589,589,589
501,HOS-TE85,46,46,46,46
502,NCC,92,92,92,92
503,NUGC-4,29,29,29,29
504,OST,546,546,546,546
505,PC-13,937,937,937,937
506,PC-6,556,556,556,556
507,PC-8,938,938,938,938
508,PC-9,939,939,939,939
509,Leukemia cell,727,727,727,727
511,QG-56,828,828,828,828
512,SCLC,333,333,333,333
513,SK-ES1,877,877,877,877
514,SK-OV-3,757,757,757,757
515,ST-KM-1,879,879,879,879
516,LXFL 529,515,515,515,515
517,Lung cancer cell line,1133,1133,1133,1133
519,Lymphoblastoid cell,686,686,686,686
520,MOLT-4F,25,25,25,25
521,TSU,470,470,470,470
522,U2OS,771,771,771,771
523,MAXF401 cell line,840,840,840,840
524,K562,655,655,655,655
525,SNU-16,37,37,37,37
526,KM-20L2,809,809,809,809
527,Colon adenocarcinoma cell line,1168,1168,1168,1168
528,RKO,740,740,740,740
529,Colon cell line,1169,1169,1169,1169
530,Lymphoma cell line,949,949,949,949
531,Coronary artery smooth muscle cell line,1117,1117,1117,1117
532,RPMI-7951,327,327,327,327
533,A20,783,783,783,783
534,Monocyte,507,507,507,507
537,HSVEC,319,319,319,319
538,Hs68,194,194,194,194
539,Hs746T,300,300,300,300
540,HuCCT-1 ,195,195,195,195
541,HuTu80,196,196,196,196
542,MKN-45,590,590,590,590
543,Tumor cancer cell line,1068,1068,1068,1068
544,ISF-539,888,888,888,888
545,IGR-37 cell line,887,887,887,887
546,J82,800,800,800,800
547,J774,518,518,518,518
548,J774.A1,490,490,490,490
549,JAM cell line,889,889,889,889
550,JAR,653,653,653,653
551,JM1,774,774,774,774
552,RAW,201,201,201,201
553,IA-XsSBR cell line,905,905,905,905
554,1A9/ptx-10,619,619,619,619
555,Prostatic carcinoma cell,313,313,313,313
556,RXF 944,223,223,223,223
557,KB 3-1,656,656,656,656
558,L1210 (1565),900,900,900,900
559,L1210 (R7A),206,206,206,206
560,SK-MEL-2,753,753,753,753
561,PSN1,122,122,122,122
562,KB VCR R,894,894,894,894
563,K177cell line,1091,1091,1091,1091
564,KBALB cell line,907,907,907,907
565,KBALB-STK,895,895,895,895
566,KBM-3 cell line,908,908,908,908
567,KBM-3/DOX cell line,896,896,896,896
568,KG-1,826,826,826,826
569,KK-47 cell line,1086,1086,1086,1086
570,KKLS,897,897,897,897
571,Jensen sarcoma,22,22,22,22
572,JIYOYE,654,654,654,654
573,KU-2 cell line,827,827,827,827
574,KU812 cell line,898,898,898,898
575,KYSE-150 cell line,899,899,899,899
576,KYSE-510,459,459,459,459
577,KYSE-520 cell line,839,839,839,839
578,KYSE-70 cell line,910,910,910,910
579,L132,476,476,476,476
580,KAT-4 cell line,906,906,906,906
581,KATO III stomach cancer cell line,838,838,838,838
582,Kasumi 1,890,890,890,890
583,Keratinocyte,475,475,475,475
585,L6,803,803,803,803
586,L1210/2,208,208,208,208
587,L1210/Adr,209,209,209,209
588,L1210/LPAM,212,212,212,212
589,L1210/TK-,213,213,213,213
590,L1210/ara C,210,210,210,210
591,L1210/C,211,211,211,211
592,LX-830 cell line,1097,1097,1097,1097
593,LXF-289 cell line,944,944,944,944
594,LXFL 529/ LXFS 538,945,945,945,945
595,LXFL 529/11,915,915,915,915
596,LXFS538,947,947,947,947
597,LY3.7.2C TK-/- cell line,916,916,916,916
598,SR,572,572,572,572
599,Panel leukemia (Carcinoma cell lines),510,510,510,510
600,L1210 (RD1694),207,207,207,207
601,L1210 (DACH),47,47,47,47
602,L1210 (DDP5),277,277,277,277
603,L1210 (PtR4),205,205,205,205
604,Leukemic tumor cell line,926,926,926,926
605,L2987,801,801,801,801
606,Laryngeal epithelioma cell line,901,901,901,901
607,LAPC4,397,397,397,397
608,LC-06 cell line,902,902,902,902
609,MDA-MB-435,687,687,687,687
610,LCLC,911,911,911,911
611,LCLC-103H cell line,919,919,919,919
612,LDV-7 cell line,920,920,920,920
613,LFCl2A,1094,1094,1094,1094
614,Lewis lung carcinoma cell line,928,928,928,928
615,LLC-MK2,684,684,684,684
616,LLTC cell line,933,933,933,933
617,LMM3 cell line,934,934,934,934
618,LOX IMVI ,512,512,512,512
619,LS174T,513,513,513,513
620,LT12 tumor cell line,935,935,935,935
621,leukaemia cell line,922,922,922,922
622,Leukemia 60 cell line,912,912,912,912
623,LX-1,602,602,602,602
624,M14,577,577,577,577
625,M19-MEL,479,479,479,479
626,MDA-MB-468,583,583,583,583
627,M21,790,790,790,790
628,M2R,952,952,952,952
629,M4Beu cell line,830,830,830,830
630,MDA-MB-238,23,23,23,23
631,MDA-MB-4,955,955,955,955
632,MAC15A,517,517,517,517
633,MAC16,290,290,290,290
634,MAC26,954,954,954,954
635,MAC13,48,48,48,48
636,Malme-3M,480,480,480,480
637,Lu-65,1096,1096,1096,1096
638,Lu-99 cell line,1069,1069,1069,1069
639,NSC,425,425,425,425
642,Lung NSCLC-N6 cell-line,914,914,914,914
643,Lung cancer tumor cell line,941,941,941,941
644,Lung carcinoma cell line,942,942,942,942
645,Lvec,943,943,943,943
646,Lymphocytic cell line,1070,1070,1070,1070
647,HEK-293T,5545,5545,5545,5545
648,M,950,950,950,950
649,M109,504,504,504,504
650,M-19,951,951,951,951
651,M-5,1135,1135,1135,1135
652,MAR BEL fibroblasts cell line,1071,1071,1071,1071
653,MCF-10A,141,141,141,141
654,MCF-12A,142,142,142,142
655,MCF7-CP,144,144,144,144
656,MCF7-DOX,792,792,792,792
657,MCF7-VP,65,65,65,65
658,MCF7R,579,579,579,579
659,MCF9,147,147,147,147
660,MCF7S,580,580,580,580
661,MCR,581,581,581,581
662,MDA-MB-361,66,66,66,66
663,MM96L,535,535,535,535
664,NSO,765,765,765,765
665,Mo,1107,1107,1107,1107
666,MO/Mphi,83,83,83,83
667,MOH,84,84,84,84
668,MDAY-D2,291,291,291,291
669,MDBK441 ,584,584,584,584
670,MOPC 315,85,85,85,85
671,MOVP-3,69,69,69,69
672,MPC-11,86,86,86,86
673,MR4,87,87,87,87
674,MVLN,90,90,90,90
675,MX1,422,422,422,422
676,MDR,519,519,519,519
677,ME67.1,151,151,151,151
678,ME67.3,152,152,152,152
679,MEF,585,585,585,585
680,MEXF989,587,587,587,587
681,SK-MEL19,242,242,242,242
682,SK-MEL-28,754,754,754,754
683,SK-MEL3,244,244,244,244
684,MEL-AC cell line,1115,1115,1115,1115
685,SK-MES-1,246,246,246,246
686,MES-SA ,586,586,586,586
687,MEXF514,737,737,737,737
688,MEXF276L,521,521,521,521
689,MG-22A,153,153,153,153
690,MH1C1 ,155,155,155,155
691,MH60,156,156,156,156
692,MRC5CV1,88,88,88,88
693,MRRL-CH1,89,89,89,89
694,MIP,794,794,794,794
695,MKN-1 ,293,293,293,293
696,MKN-5 ,24,24,24,24
697,MKN-74,53,53,53,53
698,ML-2 ,591,591,591,591
699,MLF,417,417,417,417
700,MLM,1088,1088,1088,1088
701,MM418,67,67,67,67
702,MM46,79,79,79,79
703,MONO-MAC-6,1740,1740,1740,1740
704,M96,52,52,52,52
705,S91,410,410,410,410
706,SK-MEL-5,755,755,755,755
707,UACC-257,381,381,381,381
708,UACC-62,657,657,657,657
709,Melanoma cell,520,520,520,520
710,Panel melanoma (Carcinoma cell lines),310,310,310,310
711,Melanoma tumor cell line,841,841,841,841
712,Me665/2/21,150,150,150,150
713,Medulloblastoma tumour cell line,918,918,918,918
714,BTI-TN-5B1-4,5579,5579,5579,5579
715,RIF-1,739,739,739,739
716,YAC-1,276,276,276,276
717,RXF 393,743,743,743,743
718,Mo/Ma,68,68,68,68
719,Mononuclear cell line,1108,1108,1108,1108
720,Thymocyte,400,400,400,400
721,P388/ADR,550,550,550,550
722,P815,552,552,552,552
723,N9,26,26,26,26
724,P388/VCR,30,30,30,30
725,YT-NU,14,14,14,14
726,P388/ADM,108,108,108,108
727,B-cell line,1109,1109,1109,1109
728,Mammary carcinoma cell line,1122,1122,1122,1122
729,Murine T-cell line,1125,1125,1125,1125
730,NCI-H647,1191,1191,1191,1191
731,NCI-H417,27,27,27,27
732,NCI-N87,97,97,97,97
733,NFF,543,543,543,543
734,NFS-60,98,98,98,98
735,NHDF,281,281,281,281
736,NHIK3025,99,99,99,99
737,NIH-H,1192,1192,1192,1192
738,NIH-K,1193,1193,1193,1193
739,N592,876,876,876,876
740,NAKAJIMA,70,70,70,70
741,NALL-1,215,215,215,215
742,NALM-6,540,540,540,540
743,NB-4,541,541,541,541
744,NC-37,91,91,91,91
745,NCH37,216,216,216,216
746,NCH89,280,280,280,280
747,NCI-H84,96,96,96,96
748,NCI-H1437,1289,1289,1289,1289
749,NCI-H345,95,95,95,95
750,NCI-H46,55,55,55,55
751,TE-671,266,266,266,266
752,OVCAR-3,547,547,547,547
753,OVCAR-4,493,493,493,493
754,OVCAR-5,548,548,548,548
755,OVCAR-8,341,341,341,341
756,OVXF1023 cell line,1197,1197,1197,1197
757,OVXF1353 cell line,831,831,831,831
758,NRK,28,28,28,28
759,NRK-49F,101,101,101,101
760,NRKE,102,102,102,102
761,NSCLC,340,340,340,340
762,NT2,544,544,544,544
763,NTERA-2-cl-D1,282,282,282,282
764,NUGC,103,103,103,103
765,NAMALVA,54,54,54,54
766,N2a,497,497,497,497
767,OK-1,104,104,104,104
768,OM-1,71,71,71,71
769,OV-1063,105,105,105,105
770,OVCAR,106,106,106,106
771,P388CPT,111,111,111,111
772,Ovarian carcinoma cell,678,678,678,678
773,Panel ovarian (Carcinoma cell lines),767,767,767,767
774,P1534J ,283,283,283,283
775,P19,63,63,63,63
776,P388/CPA ,109,109,109,109
777,P388/DDP,72,72,72,72
778,P388/S,110,110,110,110
779,P388CPT5,112,112,112,112
780,P388PtR4,113,113,113,113
781,PA-1,761,761,761,761
782,PAC-2 cell line,843,843,843,843
783,PAM212,116,116,116,116
784,PAM,285,285,285,285
785,PAM12,115,115,115,115
786,PANC-1,525,525,525,525
787,PAXF546,31,31,31,31
788,PAXF736,117,117,117,117
789,PE,1172,1172,1172,1172
790,PEU,286,286,286,286
791,PG-49 cell line,1173,1173,1173,1173
792,PHA-Ly,557,557,557,557
793,PC10,118,118,118,118
794,PLC,32,32,32,32
795,PLC-PRF-5,1431,1431,1431,1431
796,PMC,957,957,957,957
797,PC-14,73,73,73,73
798,PO3,119,119,119,119
799,POVD,5557,5557,5557,5557
800,PD-145,1171,1171,1171,1171
801,PS,121,121,121,121
802,PTP,1176,1176,1176,1176
803,1A9/ptx-22,454,454,454,454
804,ptx-10/22,74,74,74,74
805,PrEC,120,120,120,120
806,Panel prostate (Carcinoma cell lines),685,685,685,685
807,ScN2a,462,462,462,462
808,QG-90,123,123,123,123
809,QG-95,56,56,56,56
810,QG-96,159,159,159,159
811,R1,160,160,160,160
812,R1-CCRF-CEM,599,599,599,599
813,Splenocyte,321,321,321,321
815,R2,5586,5586,5586,5586
816,R2-CCRF-CEM,781,781,781,781
817,R30dm-CCRF-CEM,526,526,526,526
818,R3230AC,162,162,162,162
819,R5,1177,1177,1177,1177
820,R6X-B15,200,200,200,200
821,RAW264.7,343,343,343,343
822,RD,527,527,527,527
823,REF,1178,1178,1178,1178
824,RERF-LC-AI,202,202,202,202
825,RMA-S,218,218,218,218
826,RPMI,1180,1180,1180,1180
827,RPMI 6410,219,219,219,219
828,RPTEC,742,742,742,742
829,RT-112,75,75,75,75
830,RT-4,220,220,220,220
831,RWLeu4,221,221,221,221
832,RXF 423,222,222,222,222
833,RXF 631,744,744,744,744
834,E39,136,136,136,136
835,SN12C,494,494,494,494
836,TK-10,787,787,787,787
837,UO-31,601,601,601,601
838,Renal carcinoma cell,729,729,729,729
839,Panel renal (Carcinoma cell lines),328,328,328,328
840,S49,225,225,225,225
841,Rhabdomyosarcoma cell,680,680,680,680
842,WISH,386,386,386,386
843,SK-VLB,248,248,248,248
844,SKW 6.4,249,249,249,249
845,SL-2,250,250,250,250
846,SACC-LM,745,745,745,745
847,SBC-3,76,76,76,76
848,SBC-5,228,228,228,228
849,SCC-2,232,232,232,232
850,SCC-25,233,233,233,233
851,SCC-38,34,34,34,34
852,SCC-7,77,77,77,77
853,SCC-15,231,231,231,231
854,SCL-1,235,235,235,235
855,SNB-7,251,251,251,251
856,SCaBER,230,230,230,230
857,SF-126,237,237,237,237
858,SF-188,238,238,238,238
859,SNB-78,335,335,335,335
860,SNU1,252,252,252,252
861,SNU-354,78,78,78,78
862,SNU-C4,254,254,254,254
863,SNU-308,253,253,253,253
864,SNU-5,255,255,255,255
865,SNU-638,758,758,758,758
866,SPC-A4,256,256,256,256
867,SQ20B,257,257,257,257
868,STSA-1 cell line,996,996,996,996
869,SNU-C2A,997,997,997,997
870,SGC-7901,748,748,748,748
871,SV-28,62,62,62,62
872,SV3T3,759,759,759,759
873,Sarcoma-180,227,227,227,227
874,SiHa,334,334,334,334
875,SISO,35,35,35,35
876,SK-5,240,240,240,240
877,SK-BR-3,439,439,439,439
878,SK-HEP1,750,750,750,750
879,SK-LU-1,241,241,241,241
880,SK-MEL,751,751,751,751
881,SW1088,558,558,558,558
882,SW1353,260,260,260,260
883,SW-1736,703,703,703,703
884,SW 1116,258,258,258,258
885,SK-MEL-25,378,378,378,378
886,SW613,261,261,261,261
887,SW626,1418,1418,1418,1418
888,SW900,1433,1433,1433,1433
889,SW 954,259,259,259,259
890,SW 962,38,38,38,38
891,S1B1-20,57,57,57,57
892,St-4,533,533,533,533
893,SKUT-1A,247,247,247,247
894,Skut1B,681,681,681,681
895,Small cell lung cancer cell line,836,836,836,836
896,Src-transformed,573,573,573,573
897,MKN-7,158,158,158,158
898,T/5,999,999,999,999
899,T222,262,262,262,262
900,AIK-T4,40,40,40,40
901,T6400,15,15,15,15
902,T78-1/T79-A3,17,17,17,17
903,T78-1,16,16,16,16
904,AIK-T8,20,20,20,20
905,T84,39,39,39,39
906,T98G,802,802,802,802
907,TA3,18,18,18,18
908,TCAF,124,124,124,124
909,TCAF-DAX,263,263,263,263
910,TCC-SUP,264,264,264,264
911,TE-2,265,265,265,265
912,TERT-RPE1,768,768,768,768
913,TF-1,338,338,338,338
914,TIG-1-20,267,267,267,267
915,TLX-5,268,268,268,268
916,T-21 (LR),1000,1000,1000,1000
917,T-21,1001,1001,1001,1001
918,TS/A,769,769,769,769
919,TSGH,269,269,269,269
920,TSGH 8302,270,270,270,270
921,NPC-TW-039,100,100,100,100
922,U1,125,125,125,125
923,U373,5591,5591,5591,5591
924,U11 MG,271,271,271,271
925,UCLA P-3,3,3,3,3
926,Tumor cell line,1002,1002,1002,1002
927,UMR106-06,19,19,19,19
928,UMSCC22B,4,4,4,4
929,UMUC3,5,5,5,5
930,WIL2-NS,385,385,385,385
931,WALKER,278,278,278,278
932,WiDr-NTR,10,10,10,10
933,V79-4,6,6,6,6
934,WI-38 VA13,383,383,383,383
935,VCR100,7,7,7,7
936,P388/VCR-20,284,284,284,284
937,HCT-116/VM46,193,193,193,193
938,W256,8,8,8,8
939,WEHI3B,127,127,127,127
940,WEHI,382,382,382,382
941,WEHI265.1,9,9,9,9
942,WI-38 5000,275,275,275,275
943,Epithelial cell line,815,815,815,815
944,fLS,1055,1055,1055,1055
945,Wild type T- cell line,1003,1003,1003,1003
946,X5563,287,287,287,287
947,X63/OMIL3 cell line,1004,1004,1004,1004
948,XC,11,11,11,11
949,XF498,411,411,411,411
950,JY,438,438,438,438
951,Melanophore,575,575,575,575
952,XRS6,61,61,61,61
953,YAPC,13,13,13,13
954,YMB-1-E,128,128,128,128
955,YOSHIDA,387,387,387,387
956,ZR-75-1,605,605,605,605
957,cancer cell lines (55),1016,1016,1016,1016
958,Eosinophil,664,664,664,664
959,NCI-H128,217,217,217,217
960,Lymphocytoid cell line,829,829,829,829
961,Prostate cell,728,728,728,728
962,Murine stromal cell line,1124,1124,1124,1124
963,Murine-murine hybridoma (mark 3),1126,1126,1126,1126
964,Non-small cell lung cancer cell line,1194,1194,1194,1194
965,PASMC,418,418,418,418
966,L1.2,351,351,351,351
967,Renal cell,699,699,699,699
968,RH7777,738,738,738,738
969,S9,226,226,226,226
970,RFL-6,5558,5558,5558,5558
971,C2C12,376,376,376,376
972,SJSA-1,1603,1603,1603,1603
973,HSC-2,1354,1354,1354,1354
974,BRISTOL8,762,762,762,762
975,ARO,367,367,367,367
976,U87,5602,5602,5602,5602
977,PPC-1,807,807,807,807
978,A704,645,645,645,645
979,WM-115,1376,1376,1376,1376
980,MMGT12,5592,5592,5592,5592
981,BCL1,320,320,320,320
982,MS-1,1484,1484,1484,1484
983,AT3B-1,463,463,463,463
984,ASPC1,365,365,365,365
985,Osteoclast,337,337,337,337
989,TT,1439,1439,1439,1439
990,IMR-90,355,355,355,355
991,SUD4,429,429,429,429
992,Lu1,396,396,396,396
993,MAT-Ly-Lu,357,357,357,357
994,KHOS/NP,374,374,374,374
995,BUD-8,368,368,368,368
996,MC9,732,732,732,732
997,FG2,316,316,316,316
998,CEM/C2,315,315,315,315
999,F2000,318,318,318,318
1000,Peritoneal macrophage cell,421,421,421,421
1001,CNE,431,431,431,431
1002,P388CPT45,551,551,551,551
1003,WRL68,364,364,364,364
1004,Hs 683,778,778,778,778
1005,FRTL-5,466,466,466,466
1006,MCF10,465,465,465,465
1007,NCI-H295R,370,370,370,370
1008,PT-45,363,363,363,363
1009,4T1,366,366,366,366
1010,BNL,354,354,354,354
1011,HFL1,336,336,336,336
1012,W4,426,426,426,426
1013,Fibroblast,442,442,442,442
1016,Y79,430,430,430,430
1017,Huh-5-2,467,467,467,467
1018,H3396,443,443,443,443
1019,Panc203,777,777,777,777
1020,Panc430,679,679,679,679
1021,Panc1005,361,361,361,361
1022,Hs 766,373,373,373,373
1023,CWR22R,377,377,377,377
1024,FEPD,731,731,731,731
1025,Platelet,5578,5578,5578,5578
1029,SHP77,349,349,349,349
1030,SVR,733,733,733,733
1031,iNKT,682,682,682,682
1032,SW1573,350,350,350,350
1033,Bcap37,446,446,446,446
1034,SMMC-7721,436,436,436,436
1035,KETR3,665,665,665,665
1036,Spermatozoa,734,734,734,734
1037,7TDI,670,670,670,670
1038,TPC1,441,441,441,441
1039,Mixed cortical cell,805,805,805,805
1040,CT26,457,457,457,457
1041,Renca,348,348,348,348
1042,Cortical neurone,1751,1751,1751,1751
1045,Neutrophil,428,428,428,428
1048,EOL1,796,796,796,796
1049,Osteoblast,360,360,360,360
1050,MV4-11,440,440,440,440
1051,BMEC,785,785,785,785
1052,MeWo,398,398,398,398
1053,Melanocyte,358,358,358,358
1056,Lymphocyte,375,375,375,375
1058,Macrophage,356,356,356,356
1060,Dendritic cell,432,432,432,432
1061,HPAC,372,372,372,372
1062,Panel NCI-62 (62 carcinoma cell lines),435,435,435,435
1063,Panel (10 carcinoma cell lines),352,352,352,352
1064,Panel (12 tumour cell lines),362,362,362,362
1065,MH3924A,359,359,359,359
1066,BP8,447,447,447,447
1067,HEY,460,460,460,460
1068,NCI-H1975,588,588,588,588
1069,COLO357,706,706,706,706
1070,Pancreatic beta cell,707,707,707,707
1071,INS1,415,415,415,415
1072,Panel NCI-51 (51 carcinoma cell lines),658,658,658,658
1073,F5.12,806,806,806,806
1074,H22,764,764,764,764
1075,SW-60,312,312,312,312
1076,WEHI-164,553,553,553,553
1077,BJAB,412,412,412,412
1078,DOV13,766,766,766,766
1079,UACC-903,326,326,326,326
1080,NCI-H630,332,332,332,332
1081,Astrocyte,735,735,735,735
1084,13762,458,458,458,458
1085,SK-MEL-1,752,752,752,752
1086,SNU-398,609,609,609,609
1087,TZM,659,659,659,659
1088,P12-Ichikawa,675,675,675,675
1089,TSGH 9201,712,712,712,712
1090,H9c2,648,648,648,648
1091,DBTRG-05MG,714,714,714,714
1092,DMS-79,566,566,566,566
1093,Adipocyte,674,674,674,674
1094,BV-2,708,708,708,708
1095,SCG,314,314,314,314
1096,NCI-H187,1673,1673,1673,1673
1097,HGC-27,1258,1258,1258,1258
1098,K562/R7,5571,5571,5571,5571
1099,CEM/VLB100,5596,5596,5596,5596
1100,MCF7-2A,143,143,143,143
1101,K562/Adr,5572,5572,5572,5572
1102,BC-3,1463,1463,1463,1463
1103,HL60/ADR,5575,5575,5575,5575
1104,UT7,59,59,59,59
1105,SK-N-AS,1331,1331,1331,1331
1106,HSC-4,1394,1394,1394,1394
1107,U-937/GTB,380,380,380,380
1108,CAL-27,1382,1382,1382,1382
1109,F3,5600,5600,5600,5600
1110,NB69,1358,1358,1358,1358
1111,"Cerebral cortex neuron
",5556,5556,5556,5556
1112,Primary neuron,5565,5565,5565,5565
1113,NCI-H661,1430,1430,1430,1430
1114,OE19,1316,1316,1316,1316
1115,OE33,1317,1317,1317,1317
1116,L-428,1536,1536,1536,1536
1117,BV-173,1572,1572,1572,1572
1118,HCC1937,1353,1353,1353,1353
1119,MDCK-II,1761,1761,1761,1761
1120,CHO-M19,812,812,812,812
1121,DG-75,1511,1511,1511,1511
1122,LS-1034,1635,1635,1635,1635
1123,Calu-3,173,173,173,173
1124,MEG-01,1591,1591,1591,1591
1125,HeLa S3,5587,5587,5587,5587
1126,SAS,1325,1325,1325,1325
1127,NCI-H716,1679,1679,1679,1679
1128,ME-180,1400,1400,1400,1400
1129,A673,165,165,165,165
1130,SW872,1556,1556,1556,1556
1131,SK-LMS-1,1688,1688,1688,1688
1132,SW982,1557,1557,1557,1557
1133,HEK293-A,5589,5589,5589,5589
1134,P388D1,5584,5584,5584,5584
1135,RL,1438,1438,1438,1438
1136,AU565,1379,1379,1379,1379
1137,SW948,1419,1419,1419,1419
1138,HT,1436,1436,1436,1436
1139,SN12K1,811,811,811,811
1140,NCI-H524,1677,1677,1677,1677
1141,Ca-Ski,1381,1381,1381,1381
1142,U-266,1563,1563,1563,1563
1143,C32,1219,1219,1219,1219
1144,Ca9-22,1221,1221,1221,1221
1145,C3A,1220,1220,1220,1220
1146,bEND,618,618,618,618
1147,Detroit 562,1238,1238,1238,1238
1148,HT-144,1581,1581,1581,1581
1149,REH,1460,1460,1460,1460
1150,NCI-H838,1409,1409,1409,1409
1151,SNU-423,1334,1334,1334,1334
1152,Shh Light II,5543,5543,5543,5543
1153,HuP-T3,1266,1266,1266,1266
1154,GOTO,1478,1478,1478,1478
1155,NB1,1456,1456,1456,1456
1156,IGR-1,1267,1267,1267,1267
1157,M059J,1399,1399,1399,1399
1158,HT-3,1262,1262,1262,1262
1159,KARPAS-299,1732,1732,1732,1732
1160,SU-DHL-1,1690,1690,1690,1690
1161,DU-4475,1621,1621,1621,1621
1162,LAMA-84,1633,1633,1633,1633
1163,DOHH-2,1577,1577,1577,1577
1164,HD-MY-Z,1627,1627,1627,1627
1165,NCI-H1355,1705,1705,1705,1705
1166,S2,1760,1760,1760,1760
1167,NCI-H1993,1429,1429,1429,1429
1168,LP-1,1482,1482,1482,1482
1169,IPC-298,1355,1355,1355,1355
1170,SK-MEL-30,1415,1415,1415,1415
1171,COLO-829,1663,1663,1663,1663
1172,TGBC11TKB,1728,1728,1728,1728
1173,BALL-1,1571,1571,1571,1571
1174,RMG-I,1321,1321,1321,1321
1175,TGW,1344,1344,1344,1344
1176,SNG-M,1333,1333,1333,1333
1177,MFE-296,1283,1283,1283,1283
1178,EGI-1,1244,1244,1244,1244
1179,SNU-449,1335,1335,1335,1335
1180,SCCH-26,1414,1414,1414,1414
1181,Capan-2,1229,1229,1229,1229
1182,CAL-12T,1422,1422,1422,1422
1183,CAL-54,1226,1226,1226,1226
1184,769-P,1208,1208,1208,1208
1185,NCI-H1573,1403,1403,1403,1403
1186,NCI-H441,1408,1408,1408,1408
1187,639-V,1206,1206,1206,1206
1188,647-V,1207,1207,1207,1207
1189,8305C,1209,1209,1209,1209
1190,8505C,1346,1346,1346,1346
1191,ABC-1,1212,1212,1212,1212
1192,BCPAP,1214,1214,1214,1214
1193,BEN,1215,1215,1215,1215
1194,BFTC-905,1347,1347,1347,1347
1195,BFTC-909,1216,1216,1216,1216
1196,BHT-101,1380,1380,1380,1380
1197,CAL-120,1222,1222,1222,1222
1198,CAL-148,1348,1348,1348,1348
1199,CAL-51,1225,1225,1225,1225
1200,CAL-62,1383,1383,1383,1383
1201,CAL-85-1,1201,1201,1201,1201
1202,CaR-1,1384,1384,1384,1384
1203,CCF-STTG1,1349,1349,1349,1349
1204,ChaGo-K-1,1231,1231,1231,1231
1205,EFM-19,1351,1351,1351,1351
1206,EFO-21,1243,1243,1243,1243
1207,EPLC-272H,1389,1389,1389,1389
1208,FTC-133,1246,1246,1246,1246
1209,GAMG,1248,1248,1248,1248
1210,GMS-10,1390,1390,1390,1390
1211,GP5d,1249,1249,1249,1249
1212,HCC1395,1391,1391,1391,1391
1213,HCC1806,1425,1425,1425,1425
1214,HCC1954,1392,1392,1392,1392
1215,HCC38,1255,1255,1255,1255
1216,HCC70,1256,1256,1256,1256
1217,SCLC-21H,1328,1328,1328,1328
1218,SK-CO-1,1330,1330,1330,1330
1219,SKG-IIIa,1332,1332,1332,1332
1220,SW13,1337,1337,1337,1337
1221,SW1417,1417,1417,1417,1417
1222,SW1463,1338,1338,1338,1338
1223,SW1783,1339,1339,1339,1339
1224,SW1990,1340,1340,1340,1340
1225,SW780,1342,1342,1342,1342
1226,SW1710,1366,1366,1366,1366
1227,SW756,1341,1341,1341,1341
1228,SW837,1204,1204,1204,1204
1229,T.T,5603,5603,5603,5603
1230,TCO-1,1343,1343,1343,1343
1231,TYK-nu,1367,1367,1367,1367
1232,UACC-812,1369,1369,1369,1369
1233,UMC-11,1371,1371,1371,1371
1234,VM-CUB-1,1372,1372,1372,1372
1235,VMRC-LCP,1373,1373,1373,1373
1236,VMRC-MELG,1374,1374,1374,1374
1237,NCI-H2122,1302,1302,1302,1302
1238,NCI-H2170,1303,1303,1303,1303
1239,NCI-H2196,1304,1304,1304,1304
1240,NCI-H2228,1407,1407,1407,1407
1241,NCI-H2342,1305,1305,1305,1305
1242,NCI-H2347,1203,1203,1203,1203
1243,NCI-H2405,1306,1306,1306,1306
1244,NCI-H2452,1361,1361,1361,1361
1245,NCI-H727,1309,1309,1309,1309
1246,NCI-H810,1310,1310,1310,1310
1247,NH-6,1362,1362,1362,1362
1248,OAW-28,1314,1314,1314,1314
1249,OAW-42,1315,1315,1315,1315
1250,RCM-1,1412,1412,1412,1412
1251,RERF-LC-MS,1320,1320,1320,1320
1252,RO82-W-1,1322,1322,1322,1322
1253,RVH-421,1413,1413,1413,1413
1254,S-117,1324,1324,1324,1324
1255,LU-135,1427,1427,1427,1427
1256,LU-99A,1276,1276,1276,1276
1257,MC-IXC,1277,1277,1277,1277
1258,MDA-MB-157,1278,1278,1278,1278
1259,MDA-MB-415,1280,1280,1280,1280
1260,MEL-HO,1357,1357,1357,1357
1261,MEL-JUSO,1281,1281,1281,1281
1262,MFE-280,1282,1282,1282,1282
1263,MOG-G-UVW,1428,1428,1428,1428
1264,MSTO-211H,1402,1402,1402,1402
1265,NCI-H1048,1288,1288,1288,1288
1266,NCI-H1563,1290,1290,1290,1290
1267,NCI-H1581,1291,1291,1291,1291
1268,NCI-H1623,1292,1292,1292,1292
1269,NCI-H1650,1359,1359,1359,1359
1270,NCI-H1651,1293,1293,1293,1293
1271,NCI-H1666,1404,1404,1404,1404
1272,NCI-H1693,1294,1294,1294,1294
1273,NCI-H1703,1295,1295,1295,1295
1274,NCI-H1734,1296,1296,1296,1296
1275,NCI-H1755,1297,1297,1297,1297
1276,NCI-H1792,1405,1405,1405,1405
1277,NCI-H1793,1298,1298,1298,1298
1278,NCI-H2009,1299,1299,1299,1299
1279,NCI-H2029,1360,1360,1360,1360
1280,NCI-H2030,1300,1300,1300,1300
1281,NCI-H2087,1301,1301,1301,1301
1282,HPAF-II,1261,1261,1261,1261
1283,HTC-C3,1264,1264,1264,1264
1284,HuP-T4,1396,1396,1396,1396
1285,KM-H2,1533,1533,1533,1533
1286,KP-4,1269,1269,1269,1269
1287,KU-19-19,1397,1397,1397,1397
1288,KYSE-140,1270,1270,1270,1270
1289,KYSE-180,1271,1271,1271,1271
1290,KYSE-270,1272,1272,1272,1272
1291,KYSE-410,1273,1273,1273,1273
1292,KYSE-450,1274,1274,1274,1274
1293,LCLC-97TM1,1398,1398,1398,1398
1294,LK-2,1356,1356,1356,1356
1295,LN-405,1275,1275,1275,1275
1296,VMRC-RCZ,1375,1375,1375,1375
1297,YKG-1,1377,1377,1377,1377
1298,ZR-75-30,1378,1378,1378,1378
1299,SK-NEP-1,1432,1432,1432,1432
1300,DoTc2-4510,1241,1241,1241,1241
1301,U-118-MG,1345,1345,1345,1345
1302,JVM-2,1530,1530,1530,1530
1303,YT,1440,1440,1440,1440
1304,1411HP,5595,5595,5595,5595
1305,L-363,1535,1535,1535,1535
1306,OPM-2,1549,1549,1549,1549
1307,CMK,1443,1443,1443,1443
1308,HeLa C3,5588,5588,5588,5588
1309,H1-HeLa,5551,5551,5551,5551
1310,BL-41,1504,1504,1504,1504
1311,SNB-,1183,1183,1183,1183
1312,CHP-126,1608,1608,1608,1608
1313,ST486,1554,1554,1554,1554
1314,SCC-9,1326,1326,1326,1326
1315,OS-RC-2,1646,1646,1646,1646
1316,HCC2218,1626,1626,1626,1626
1317,NCI-H526,1678,1678,1678,1678
1318,NCI-H209,1674,1674,1674,1674
1319,RS4-11,1601,1601,1601,1601
1320,NCI-H2126,1719,1719,1719,1719
1321,Pneumocyte,5554,5554,5554,5554
1322,NCI-H1770,1713,1713,1713,1713
1323,NCI-H1838,1714,1714,1714,1714
1324,DV-90,1242,1242,1242,1242
1325,NCI-H1648,1711,1711,1711,1711
1326,NCI-H2052,1406,1406,1406,1406
1327,NCI-H28,1307,1307,1307,1307
1328,NCI-H1395,1706,1706,1706,1706
1329,SCC-4,1364,1364,1364,1364
1330,BPH-1,1506,1506,1506,1506
1331,SCC-3,1552,1552,1552,1552
1332,NCI-H889,1684,1684,1684,1684
1333,NCI-H1963,1716,1716,1716,1716
1334,UACC-893,1370,1370,1370,1370
1335,NCI-H82,1645,1645,1645,1645
1336,COLO-678,1233,1233,1233,1233
1337,DMS-53,1239,1239,1239,1239
1338,Flp-In-293,5601,5601,5601,5601
1339,Calvarial osteoblast,5562,5562,5562,5562
1342,MC116,1543,1543,1543,1543
1343,COLO-679,1234,1234,1234,1234
1344,SNU-387,1416,1416,1416,1416
1345,SNU-475,1336,1336,1336,1336
1346,697,1441,1441,1441,1441
1347,NCI-H1417,1707,1707,1707,1707
1348,HDLM-2,1580,1580,1580,1580
1349,HRPE,5563,5563,5563,5563
1350,GLC-4/ADR,5569,5569,5569,5569
1351,LLC-GA5-CoL150,5567,5567,5567,5567
1352,NIH-3T3-G185,5597,5597,5597,5597
1353,Ileocyte,5577,5577,5577,5577
1354,CEM/VBL600,5598,5598,5598,5598
1355,CC531mdr+,5574,5574,5574,5574
1356,GLC4/Sb30 ,5570,5570,5570,5570
1357,CAMA-1,1228,1228,1228,1228
1358,U373-MAGI,5590,5590,5590,5590
1359,AN3-CA,1213,1213,1213,1213
1360,HH,1435,1435,1435,1435
1361,GDM-1,1523,1523,1523,1523
1362,SKM-1,1553,1553,1553,1553
1363,NOMO-1,1595,1595,1595,1595
1364,SNU-C1,1604,1604,1604,1604
1365,Vero 76,5585,5585,5585,5585
1366,CAL-33,1223,1223,1223,1223
1367,624 melanoma cell line,5583,5583,5583,5583
1368,ARH-77,1570,1570,1570,1570
1369,SK-MEL-24,1727,1727,1727,1727
1370,LS-513,1587,1587,1587,1587
1371,NCI-H1618,1710,1710,1710,1710
1372,NCI-H1694,1712,1712,1712,1712
1373,NCI-H1882,1715,1715,1715,1715
1374,NCI-H2081,1717,1717,1717,1717
1375,NCI-H2107,1718,1718,1718,1718
1376,NCI-H2141,1720,1720,1720,1720
1377,NCI-H2171,1721,1721,1721,1721
1378,NCI-H2227,1722,1722,1722,1722
1379,NCI-H2291,1723,1723,1723,1723
1380,NCI-H250,1675,1675,1675,1675
1381,NCI-H378,1676,1676,1676,1676
1382,NCI-H510A,1724,1724,1724,1724
1383,NCI-H64,1644,1644,1644,1644
1384,NCI-H650,1308,1308,1308,1308
1385,NCI-H719,1680,1680,1680,1680
1386,NCI-H720,1681,1681,1681,1681
1387,NCI-H747,1682,1682,1682,1682
1388,NCI-H748,1683,1683,1683,1683
1389,NEC8,1491,1491,1491,1491
1390,NH-12,1545,1545,1545,1545
1391,NKM-1,1546,1546,1546,1546
1392,NMC-G1,1594,1594,1594,1594
1393,NOS-1,1547,1547,1547,1547
1394,NY,1410,1410,1410,1410
1395,OC-314,1596,1596,1596,1596
1396,OCUB-M,1597,1597,1597,1597
1397,OMC-1,1548,1548,1548,1548
1398,ONS-76,1598,1598,1598,1598
1399,P30-OHK,1647,1647,1647,1647
1400,P31-FUJ,1648,1648,1648,1648
1401,PANC-03-27,1411,1411,1411,1411
1402,PANC-08-13,1318,1318,1318,1318
1403,PF-382,1599,1599,1599,1599
1404,PFSK-1,1363,1363,1363,1363
1405,QIMR-WIL,1686,1686,1686,1686
1406,RCC10RGB,1687,1687,1687,1687
1407,RH-1,1492,1492,1492,1492
1408,RH-18,1550,1550,1550,1550
1409,RL95-2,1600,1600,1600,1600
1410,RPMI-2650,1323,1323,1323,1323
1411,RPMI-6666,1725,1725,1725,1725
1412,Ramos-2G6-4C10,1746,1746,1746,1746
1413,SBC-1,1551,1551,1551,1551
1414,SH-4,1493,1493,1493,1493
1415,SIG-M5,1602,1602,1602,1602
1416,SIMA,1494,1494,1494,1494
1417,SJRH30,1329,1329,1329,1329
1418,SK-MG-1,1649,1649,1649,1649
1419,SK-MM-2,1650,1650,1650,1650
1420,SK-N-DZ,1365,1365,1365,1365
1421,SK-N-FI,1651,1651,1651,1651
1422,SK-PN-DW,1689,1689,1689,1689
1423,SK-UT-1,1652,1652,1652,1652
1424,SNU-C2B,1653,1653,1653,1653
1425,SW684,1555,1555,1555,1555
1426,TALL-1,1605,1605,1605,1605
1427,TC-YIK,1606,1606,1606,1606
1428,TE-1,1495,1495,1495,1495
1429,23132-87,1205,1205,1205,1205
1430,8-MG-BA,1607,1607,1607,1607
1431,A101D,1500,1500,1500,1500
1432,A3-KAW,1567,1567,1567,1567
1433,A388,1462,1462,1462,1462
1434,A4-Fuk,1568,1568,1568,1568
1435,ACN,1442,1442,1442,1442
1436,ALL-PO,1569,1569,1569,1569
1437,AM-38,1501,1501,1501,1501
1438,ATN-1,1502,1502,1502,1502
1439,BB30-HNC,1656,1656,1656,1656
1440,BB49-HNC,1657,1657,1657,1657
1441,BB65-RCC,1658,1658,1658,1658
1442,BE-13,1503,1503,1503,1503
1443,BHY,1217,1217,1217,1217
1444,BL-70,1505,1505,1505,1505
1445,BOKU,1464,1464,1464,1464
1446,Becker,1573,1573,1573,1573
1447,C-4-II,1218,1218,1218,1218
1448,C2BBe1,1575,1575,1575,1575
1449,CAL-39,1224,1224,1224,1224
1450,CAL-72,1227,1227,1227,1227
1451,TE-10,1558,1558,1558,1558
1452,TE-11,1559,1559,1559,1559
1453,TE-12,1560,1560,1560,1560
1454,TE-15,1561,1561,1561,1561
1455,TE-441-T,1691,1691,1691,1691
1456,TE-5,1496,1496,1496,1496
1457,TE-6,1497,1497,1497,1497
1458,TE-8,1498,1498,1498,1498
1459,TE-9,1499,1499,1499,1499
1460,TGBC1TKB,1692,1692,1692,1692
1461,TGBC24TKB,1729,1729,1729,1729
1462,TI-73,1562,1562,1562,1562
1463,TUR,1461,1461,1461,1461
1464,U-698-M,1654,1654,1654,1654
1465,VA-ES-BJ,1693,1693,1693,1693
1466,WSU-NHL,1655,1655,1655,1655
1467,YH-13,1564,1564,1564,1564
1468,no-10,1565,1565,1565,1565
1469,no-11,1566,1566,1566,1566
1470,CAS-1,1507,1507,1507,1507
1471,CESS,1465,1465,1465,1465
1472,CGTH-W-1,1659,1659,1659,1659
1473,CHL-1,1232,1232,1232,1232
1474,CHP-134,1609,1609,1609,1609
1475,CHP-212,1385,1385,1385,1385
1476,COLO-320-HSR,1742,1742,1742,1742
1477,COLO-668,1660,1660,1660,1660
1478,COLO-680N,1235,1235,1235,1235
1479,COLO-684,1661,1661,1661,1661
1480,COLO-741,1386,1386,1386,1386
1481,COLO-792,1350,1350,1350,1350
1482,COLO-800,1662,1662,1662,1662
1483,COLO-824,1236,1236,1236,1236
1484,COR-L105,1237,1237,1237,1237
1485,COR-L279,1664,1664,1664,1664
1486,COR-L88,1610,1610,1610,1610
1487,CP50-MEL-B,1730,1730,1730,1730
1488,CP66-MEL,1665,1665,1665,1665
1489,CP67-MEL,1666,1666,1666,1666
1490,CPC-N,1508,1508,1508,1508
1491,CRO-AP2,1611,1611,1611,1611
1492,CTB-1,1509,1509,1509,1509
1493,CTV-1,1510,1510,1510,1510
1494,CW-2,1466,1466,1466,1466
1495,Caov-4,1576,1576,1576,1576
1496,D-247MG,1612,1612,1612,1612
1497,D-263MG,1613,1613,1613,1613
1498,D-336MG,1614,1614,1614,1614
1499,D-392MG,1615,1615,1615,1615
1500,D-423MG,1616,1616,1616,1616
1501,D-502MG,1617,1617,1617,1617
1502,D-542MG,1618,1618,1618,1618
1503,D-566MG,1619,1619,1619,1619
1504,DB,1434,1434,1434,1434
1505,DEL,1444,1444,1444,1444
1506,DJM-1,1512,1512,1512,1512
1507,DK-MG,1387,1387,1387,1387
1508,DMS-153,1620,1620,1620,1620
1509,DOK,1240,1240,1240,1240
1510,DSH1,1467,1467,1467,1467
1511,EB-3,1468,1468,1468,1468
1512,EB2,1445,1445,1445,1445
1513,EC-GI-10,1667,1667,1667,1667
1514,ECC10,1513,1513,1513,1513
1515,ECC12,1514,1514,1514,1514
1516,ECC4,1469,1469,1469,1469
1517,EFE-184,1388,1388,1388,1388
1518,EFO-27,1424,1424,1424,1424
1519,EHEB,1470,1470,1470,1470
1520,EM-2,1471,1471,1471,1471
1521,ES1,1446,1446,1446,1446
1522,ES3,1447,1447,1447,1447
1523,ES4,1448,1448,1448,1448
1524,ES5,1449,1449,1449,1449
1525,ES6,1450,1450,1450,1450
1526,ES7,1451,1451,1451,1451
1527,ES8,1452,1452,1452,1452
1528,ESS-1,1245,1245,1245,1245
1529,ETK-1,1515,1515,1515,1515
1530,EW-1,1472,1472,1472,1472
1531,EW-11,1516,1516,1516,1516
1532,EW-12,1517,1517,1517,1517
1533,EW-13,1518,1518,1518,1518
1534,EW-16,1519,1519,1519,1519
1535,EW-18,1520,1520,1520,1520
1536,EW-22,1521,1521,1521,1521
1537,EW-24,1522,1522,1522,1522
1538,EW-3,1473,1473,1473,1473
1539,EW-7,1474,1474,1474,1474
1540,GAK,1453,1453,1453,1453
1541,GB-1,1475,1475,1475,1475
1542,GCIY,1476,1476,1476,1476
1543,GI-1,1477,1477,1477,1477
1544,GI-ME-N,1622,1622,1622,1622
1545,GR-ST,1524,1524,1524,1524
1546,GT3TKB,1578,1578,1578,1578
1547,HC-1,1479,1479,1479,1479
1548,HCC1143,1252,1252,1252,1252
1549,HCC1187,1623,1623,1623,1623
1550,HCC1419,1253,1253,1253,1253
1551,HCC1569,1254,1254,1254,1254
1552,HCC1599,1624,1624,1624,1624
1553,HCC2157,1625,1625,1625,1625
1554,HCE-4,1525,1525,1525,1525
1555,HCE-T,1526,1526,1526,1526
1556,HN,1259,1259,1259,1259
1557,HO-1-N-1,1260,1260,1260,1260
1558,HT55,1263,1263,1263,1263
1559,HuO-3N1,1426,1426,1426,1426
1560,HuO9,1265,1265,1265,1265
1561,IA-LM,1527,1527,1527,1527
1562,IMR-5,1528,1528,1528,1528
1563,IST-MEL1,1668,1668,1668,1668
1564,IST-MES1,1669,1669,1669,1669
1565,IST-SL1,1628,1628,1628,1628
1566,IST-SL2,1629,1629,1629,1629
1567,J-RT3-T3-5,1731,1731,1731,1731
1568,JVM-3,1531,1531,1531,1531
1569,K052,1480,1480,1480,1480
1570,K5,1437,1437,1437,1437
1571,KALS-1,1582,1582,1582,1582
1572,KARPAS-422,1733,1733,1733,1733
1573,KARPAS-45,1694,1694,1694,1694
1574,KE-37,1532,1532,1532,1532
1575,KGN,1454,1454,1454,1454
1576,KINGS-1,1630,1630,1630,1630
1577,KLE,1455,1455,1455,1455
1578,KMOE-2,1583,1583,1583,1583
1579,KMS-12-PE,1695,1695,1695,1695
1580,KNS-42,1584,1584,1584,1584
1581,KNS-62,1585,1585,1585,1585
1582,KNS-81-FD,1696,1696,1696,1696
1583,KOSC-2,1268,1268,1268,1268
1584,KP-N-RT-BM-1,1744,1744,1744,1744
1585,KP-N-YN,1631,1631,1631,1631
1586,KP-N-YS,1632,1632,1632,1632
1587,KS-1,1481,1481,1481,1481
1588,KURAMOCHI,1697,1697,1697,1697
1589,KY821,1534,1534,1534,1534
1590,L-540,1537,1537,1537,1537
1591,LAN-6,1538,1538,1538,1538
1592,LB1047-RCC,1734,1734,1734,1734
1593,LB2241-RCC,1735,1735,1735,1735
1594,LB2518-MEL,1736,1736,1736,1736
1595,LB373-MEL-D,1741,1741,1741,1741
1596,LB647-SCLC,1737,1737,1737,1737
1597,LB771-HNC,1698,1698,1698,1698
1598,LB831-BLC,1699,1699,1699,1699
1599,LB996-RCC,1700,1700,1700,1700
1600,LC-1F,1539,1539,1539,1539
1601,LC-2-ad,1634,1634,1634,1634
1602,LC4-1,1540,1540,1540,1540
1603,LNCaP-Clone-FGC,1747,1747,1747,1747
1604,LOUCY,1541,1541,1541,1541
1605,LS-123,1586,1586,1586,1586
1606,LS-411N,1636,1636,1636,1636
1607,LU-134-A,1671,1671,1671,1671
1608,LU-139,1588,1588,1588,1588
1609,LU-165,1589,1589,1589,1589
1610,MC-CAR,1590,1590,1590,1590
1611,MDA-MB-134-VI,1745,1745,1745,1745
1612,MDA-MB-175-VII,1279,1279,1279,1279
1613,MFH-ino,1637,1637,1637,1637
1614,MFM-223,1401,1401,1401,1401
1615,MHH-CALL-2,1738,1738,1738,1738
1616,MHH-ES-1,1284,1284,1284,1284
1617,MHH-NB-11,1701,1701,1701,1701
1618,MHH-PREB-1,1739,1739,1739,1739
1619,MLMA,1483,1483,1483,1483
1620,MMAC-SF,1638,1638,1638,1638
1621,MN-60,1544,1544,1544,1544
1622,MOLT-13,1639,1639,1639,1639
1623,MOLT-16,1640,1640,1640,1640
1624,MPP-89,1592,1592,1592,1592
1625,MRK-nu-1,1672,1672,1672,1672
1626,MZ1-PC,1593,1593,1593,1593
1627,MZ2-MEL,1641,1641,1641,1641
1628,MZ7-mel,1642,1642,1642,1642
1629,NB10,1486,1486,1486,1486
1630,NB12,1487,1487,1487,1487
1631,NB13,1488,1488,1488,1488
1632,NB14,1489,1489,1489,1489
1633,NB17,1490,1490,1490,1490
1634,NB5,1457,1457,1457,1457
1635,NB6,1458,1458,1458,1458
1636,NB7,1459,1459,1459,1459
1637,NBsusSR,1643,1643,1643,1643
1638,NCCIT,1287,1287,1287,1287
1639,NCI-H1092,1702,1702,1702,1702
1640,NCI-H1155,1703,1703,1703,1703
1641,NCI-H1304,1704,1704,1704,1704
1642,NCI-H1436,1708,1708,1708,1708
1643,NCI-H1522,1709,1709,1709,1709
1644,3T3,5560,5560,5560,5560
1645,TOV112D,5549,5549,5549,5549
1646,UMSCC1,5550,5550,5550,5550
1647,UMSCC14A,5548,5548,5548,5548
1648,Cardiac Muscle Cell,5576,5576,5576,5576
